id,conversation_id,site_url,site_title,site_description,created_at
1,5,https://www.twowanderingsoles.com,Two Wandering Soles,Travel and food blog,2025-07-08T19:43:15.771557+00:00
2,5,https://www.timeout.com,Time Out Tokyo,Tokyo dining guide,2025-07-08T19:43:15.771649+00:00
3,5,https://www.reddit.com,Reddit - Tokyo Ramen Discussion,Community recommendations,2025-07-08T19:43:15.771717+00:00
4,5,https://tabelog.com,Tabelog,Japanese restaurant reviews,2025-07-08T19:43:15.771788+00:00
5,5,https://www.tokyocheapo.com,Tokyo Cheapo,Budget dining guide,2025-07-08T19:43:15.771859+00:00
6,5,https://gurunavi.com,Gurunavi,Restaurant booking platform,2025-07-08T19:43:15.771928+00:00
7,6,https://www.twowanderingsoles.com,Two Wandering Soles,Travel and food blog,2025-07-08T19:46:14.387695+00:00
8,6,https://www.timeout.com,Time Out Tokyo,Tokyo dining guide,2025-07-08T19:46:14.387772+00:00
9,6,https://www.reddit.com,Reddit - Tokyo Ramen Discussion,Community recommendations,2025-07-08T19:46:14.387853+00:00
10,6,https://tabelog.com,Tabelog,Japanese restaurant reviews,2025-07-08T19:46:14.387922+00:00
11,6,https://www.tokyocheapo.com,Tokyo Cheapo,Budget dining guide,2025-07-08T19:46:14.387992+00:00
12,6,https://gurunavi.com,Gurunavi,Restaurant booking platform,2025-07-08T19:46:14.388061+00:00
13,7,https://www.twowanderingsoles.com,Two Wandering Soles,Travel and food blog,2025-07-09T06:01:23.166396+00:00
14,7,https://www.timeout.com,Time Out Tokyo,Tokyo dining guide,2025-07-09T06:01:23.166494+00:00
15,7,https://www.reddit.com,Reddit - Tokyo Ramen Discussion,Community recommendations,2025-07-09T06:01:23.166584+00:00
16,7,https://tabelog.com,Tabelog,Japanese restaurant reviews,2025-07-09T06:01:23.166675+00:00
17,7,https://www.tokyocheapo.com,Tokyo Cheapo,Budget dining guide,2025-07-09T06:01:23.166772+00:00
18,7,https://gurunavi.com,Gurunavi,Restaurant booking platform,2025-07-09T06:01:23.166871+00:00
19,8,https://www.twowanderingsoles.com,Two Wandering Soles,Travel and food blog,2025-07-09T06:02:49.907727+00:00
20,8,https://www.timeout.com,Time Out Tokyo,Tokyo dining guide,2025-07-09T06:02:49.907854+00:00
21,8,https://www.reddit.com,Reddit - Tokyo Ramen Discussion,Community recommendations,2025-07-09T06:02:49.907976+00:00
22,8,https://tabelog.com,Tabelog,Japanese restaurant reviews,2025-07-09T06:02:49.908096+00:00
23,8,https://www.tokyocheapo.com,Tokyo Cheapo,Budget dining guide,2025-07-09T06:02:49.908219+00:00
24,8,https://gurunavi.com,Gurunavi,Restaurant booking platform,2025-07-09T06:02:49.908334+00:00
